{
  "state_version": 10,
  "position": null,
  "daily_pnl_usd": -7.247118479999959,
  "daily_pnl_pct": -0.001460336681323078,
  "equity_peak": 4955.3882605300005,
  "equity_drawdown_pct": 0.0,
  "consecutive_losses": 1,
  "reduced_size_active": false,
  "pause_until": 0.0,
  "last_trade_close": 1772723287.7457,
  "available_balance": 4955.3882605300005,
  "total_equity": 0.0,
  "trades_today": 1,
  "wins_today": 0,
  "losses_today": 1,
  "daily_reset_date": "2026-03-05"
}