{
  "state_version": 10,
  "position": null,
  "daily_pnl_usd": -9.21575195999996,
  "daily_pnl_pct": -0.001859743672035558,
  "equity_peak": 4955.3882605300005,
  "equity_drawdown_pct": 0.0003972712886455695,
  "consecutive_losses": 2,
  "reduced_size_active": false,
  "pause_until": 0.0,
  "last_trade_close": 1772729394.0319493,
  "available_balance": 4953.419627050001,
  "total_equity": 0.0,
  "trades_today": 2,
  "wins_today": 0,
  "losses_today": 2,
  "daily_reset_date": "2026-03-05"
}